BEGIN TRANSACTION;
CREATE TABLE IF NOT EXISTS "cliente" (
	"id"	INTEGER PRIMARY KEY AUTOINCREMENT,
	"nit"	TEXT,
	"nombre"	TEXT NOT NULL,
	"representante"	TEXT,
	"telefono"	TEXT,
	"email"	TEXT,
	"direccion"	TEXT
);

CREATE TABLE IF NOT EXISTS "producto" (
	"id"	INTEGER,
	"nombre"	TEXT NOT NULL,
	"precio"	INTEGER,
	"iva"	REAL,
	PRIMARY KEY("id")
);
CREATE TABLE IF NOT EXISTS "ciudad" (
	"id"	INTEGER PRIMARY KEY AUTOINCREMENT,
	"nombre"	TEXT,
	-- PRIMARY KEY("id")
);

CREATE TABLE IF NOT EXISTS "ciudad_cliente" (
	"idCliente"	INTEGER,
	"idCiudad"	INTEGER,
	FOREIGN KEY("idCiudad") REFERENCES "ciudad"("id"),
	FOREIGN KEY("idCliente") REFERENCES "cliente"("id")
);

CREATE TABLE IF NOT EXISTS "inventario" (
	"id"	INTEGER PRIMARY KEY AUTOINCREMENT,
	"cantidad"	INTEGER,
	"fecha"	TEXT,
	"fk_id_cliente"	INTEGER,
	-- PRIMARY KEY("id")
);

CREATE TABLE IF NOT EXISTS "pedido" (
	"id"	INTEGER PRIMARY KEY AUTOINCREMENT,
	"fecha_pedido"	TEXT NOT NULL,
	"fecha_entrega"	TEXT NOT NULL,
	"id_inventario"	INTEGER NOT NULL,
	"cantidad"	INTEGER NOT NULL,
	"valor"	INTEGER NOT NULL,
	FOREIGN KEY("id_inventario") REFERENCES "inventario"("id"),
	-- PRIMARY KEY("id")
);

CREATE TABLE IF NOT EXISTS "inventario_producto" (
	"id_Inventario"	INTEGER,
	"id_Producto"	INTEGER,
	PRIMARY KEY("id_Inventario","id_Producto"),
	FOREIGN KEY("id_Inventario") REFERENCES "inventario"("id")
);

INSERT INTO "ciudad" VALUES (1,'ANDES');
INSERT INTO "ciudad" VALUES (2,'BETANIA');
INSERT INTO "ciudad" VALUES (3,'HISPANIA');
INSERT INTO "ciudad" VALUES (4,'JARDIN');
INSERT INTO "ciudad" VALUES (5,'SANTA INES');
INSERT INTO "ciudad" VALUES (6,'SANTA RITA');
INSERT INTO "ciudad" VALUES (7,'TAPARTO');
INSERT INTO "cliente" VALUES (454,'','Supermercado Tesoro','Supermercado Tesoro','','','');
INSERT INTO "cliente" VALUES (455,'','Supermercado Familiar','Supermercado Familiar','','','');
INSERT INTO "cliente" VALUES (456,'','Supermercado Dinastia','Supermercado Dinastia','','','');
INSERT INTO "cliente" VALUES (457,'','Supermercado Sol Andino','Supermercado Sol Andino','','','');
INSERT INTO "cliente" VALUES (458,'','Supermercado Cafetal','Supermercado Cafetal','','','');
INSERT INTO "cliente" VALUES (459,'','Supermercado Sultan','Supermercado Sultan','','','');
INSERT INTO "cliente" VALUES (460,'','Platino','Platino','','','');
INSERT INTO "cliente" VALUES (461,'','MercaPublic','MercaPublic','','','');
INSERT INTO "cliente" VALUES (462,'','Granero la 50','Granero la 50','','','');
INSERT INTO "cliente" VALUES (463,'','Chaparral','Chaparral','','','');
INSERT INTO "cliente" VALUES (464,'','Tienda Lucy','Tienda Lucy','','','');
INSERT INTO "cliente" VALUES (465,'','Todo en uno','Elkin Arboleda','3147489496','','');
INSERT INTO "cliente" VALUES (466,'','Tienda el éxito','Tienda el éxito','','','');
INSERT INTO "cliente" VALUES (467,'','IE SAN JUAN ','IE SAN JUAN ','','','');
INSERT INTO "cliente" VALUES (468,'','IE Juan de Dios','Orfa Restrepo','3136236120','','');
INSERT INTO "cliente" VALUES (469,'','IE Marco Fidel Suárez','Francy Arango Gómez','3108941199','','');
INSERT INTO "cliente" VALUES (470,'','Bar Rimulero','Bar Rimulero','','','');
INSERT INTO "cliente" VALUES (471,'','Supermercado el remanso','Supermercado el remanso','3105906866','','');
INSERT INTO "cliente" VALUES (472,'','Carniceria Danyi',' Esneider Montoya','3108358793','','');
INSERT INTO "cliente" VALUES (473,'','Restaurante balcon del suroeste',' Mauricio Olaya','3104442002 8435063','','');
INSERT INTO "cliente" VALUES (474,'','Billares la tertulia',' Juan Carlos Correa',' 3104122885','','');
INSERT INTO "cliente" VALUES (475,'','Bar costa azul',' Maribel Henao',' 3132395809','','');
INSERT INTO "cliente" VALUES (476,'','Taboga',' Nelson Montoya',' 8435610','','');
INSERT INTO "cliente" VALUES (477,'','Tienda la cumbre','Mónica Agudelo','3136369334','','');
INSERT INTO "cliente" VALUES (478,'','Tienda pipetin','Tienda pipetin','3146368464','','');
INSERT INTO "cliente" VALUES (479,'','Casino las vegas',' Juan Carlos Correa',' 3104122885','','');
INSERT INTO "cliente" VALUES (480,'','Billar el poker','Billar el poker','3225135950','','');
INSERT INTO "cliente" VALUES (481,'','Colegio Betania Bomba','Diana Ruiz','3102523016','diana2863.ruiz@gmail.com','');
INSERT INTO "cliente" VALUES (482,'','Granero lucandi','Lucelly Martínez','3234354190','','');
INSERT INTO "cliente" VALUES (483,'','Granja','Consuelo Ruiz Villada','8435071','granja2025@hotmail.com','');
INSERT INTO "cliente" VALUES (484,'','Billar la cabañuela',' Orlando Urrego','','','');
INSERT INTO "cliente" VALUES (485,'','Deliplaza',' Belén Ramírez','3136063876','','');
INSERT INTO "cliente" VALUES (486,'','Carnicería los dos',' Yenny Mona','8435015','','');
INSERT INTO "cliente" VALUES (487,'','Salsa parranda',' Gloria Loaiza','','','');
INSERT INTO "cliente" VALUES (488,'','Arnopan',' Luis Cano','3103980148','','');
INSERT INTO "cliente" VALUES (489,'','Tienda y legumbreria la cumbre','Guillermo Marín Alzate','3113871834','','');
INSERT INTO "cliente" VALUES (490,'','Tienda cachetes',' José Benítez','','','');
INSERT INTO "cliente" VALUES (491,'','Tienda la bomba',' Doralba Cardona','3104258029','','');
INSERT INTO "cliente" VALUES (492,'','Bar alaska',' Lucy Mollano','3116588953','','');
INSERT INTO "cliente" VALUES (493,'','Las villas',' Susana Villa','','','');
INSERT INTO "cliente" VALUES (494,'','Plaza Marin','Plaza Marin','3105128557','','');
INSERT INTO "cliente" VALUES (495,'','Remate 19-40',' Deisy Arroyave',' 3117528400','','');
INSERT INTO "cliente" VALUES (496,'','San Francisco',' Amilbia Muñoz','3145309278','','');
INSERT INTO "cliente" VALUES (497,'','San Vicente',' Jhon Freddy Torres',' 3225785010','','');
INSERT INTO "cliente" VALUES (498,'','La estrella',' Luis Palacio','3137092700','','');
INSERT INTO "cliente" VALUES (499,'','La virgen',' Gladys Marin','3116119654','','');
INSERT INTO "cliente" VALUES (500,'','Trilladora#1',' Gilberto Acevedo','3136555279','','');
INSERT INTO "cliente" VALUES (501,'','La fe',' Dora Tabares','3146165616','','');
INSERT INTO "cliente" VALUES (502,'','Granero Mafe',' Bibiana Marin','3122827319','','');
INSERT INTO "cliente" VALUES (503,'','Candida Franco','Candida Franco','3113824941','','');
INSERT INTO "cliente" VALUES (504,'','Granero Adalberto','Granero Adalberto','','','');
INSERT INTO "cliente" VALUES (505,'','Panaderia Mandigas','Manuel Fernando Salazar','3234801512','','');
INSERT INTO "cliente" VALUES (506,'','Supermercado Tesoro hispania','Supermercado Tesoro hispania',' 3113757105','','');
INSERT INTO "cliente" VALUES (507,'','Granero los samanes','José Leopoldo Osorio','3117775377','','');
INSERT INTO "cliente" VALUES (508,'','Autoservicio Echeverry','Autoservicio Echeverry','','','');
INSERT INTO "cliente" VALUES (509,'','Punto encuentro','Punto encuentro',' 3004836835','','');
INSERT INTO "cliente" VALUES (510,'','Restaurante Zoe',' Claudia Sofia',' 3226105971','','');
INSERT INTO "cliente" VALUES (511,'','Cafeteria donde Mary','Cafeteria donde Mary','','','');
INSERT INTO "cliente" VALUES (512,'','María Alicia Londoño','María Alicia Londoño','3146409190','','');
INSERT INTO "cliente" VALUES (513,'','Sucursal soy sabor','Yeison Pulgarin','3134699339','','');
INSERT INTO "cliente" VALUES (514,'','Tienda Sor',' Sor Lilian Londoño','3127740147','','');
INSERT INTO "cliente" VALUES (515,'','Tienda los profes','Adriana Ospina','3116477171','','');
INSERT INTO "cliente" VALUES (516,'','Tienda del mono','Nevardo Betacur','3219826324','','');
INSERT INTO "cliente" VALUES (517,'','Tienda 4 esquinas','Angela Arboleda','3127845334','','');
INSERT INTO "cliente" VALUES (518,'','Colegio Hispania',' Mónica Loaiza',' 3104440839','','');
INSERT INTO "cliente" VALUES (519,'','De todito','Rocío Alzate','3146158173','','');
INSERT INTO "cliente" VALUES (520,'','Tienda la hogareña',' María Isabel Zapata',' 3122726265','','');
INSERT INTO "cliente" VALUES (521,'','Restaurante las margaritas','Restaurante las margaritas','','','');
INSERT INTO "cliente" VALUES (522,'','Restaurante Andres','Restaurante Andres','','','');
INSERT INTO "cliente" VALUES (523,'','Restaurante momentos de jardin','Henry Suares','3117307529','','');
INSERT INTO "cliente" VALUES (524,'','Restaurante Gloria',' Jorge Noreña',' 8456531','','');
INSERT INTO "cliente" VALUES (525,'','Restaurante el zodiaco','Restaurante el zodiaco','','','');
INSERT INTO "cliente" VALUES (526,'','Hotel la casona','Hotel la casona','','','');
INSERT INTO "cliente" VALUES (527,'','Hotel Kantarrana','Hotel Kantarrana','','','');
INSERT INTO "cliente" VALUES (528,'','Hostal las flores','Hostal las flores','','','');
INSERT INTO "cliente" VALUES (529,'','Dora Valencia cc 42730674 3217195967','Dora Valencia cc 42730674 3217195967',' 3217195967','','');
INSERT INTO "cliente" VALUES (530,'','Brígida Arias cc 21933071 3137732399','Brígida Arias cc 21933071 3137732399','3137732399','','');
INSERT INTO "cliente" VALUES (531,'','Supermercado Docato','Supermercado Docato',' 8455375','','');
INSERT INTO "cliente" VALUES (532,'','Supermercado Sol Store','Supermercado Sol Store','','','');
INSERT INTO "cliente" VALUES (533,'','Supermercado la confianza','Supermercado la confianza','','','');
INSERT INTO "cliente" VALUES (534,'','Supermercado Feller','Sandra','3125581060','','');
INSERT INTO "cliente" VALUES (535,'','Autoservicio Mercamas','Autoservicio Mercamas',' 3135351485','','');
INSERT INTO "cliente" VALUES (536,'','Autoservicio a Mercar','Autoservicio a Mercar','','','');
INSERT INTO "cliente" VALUES (537,'','Dónde Silvia','Dónde Silvia','3146197383','','');
INSERT INTO "cliente" VALUES (538,'','Tienda el negro','Jhon Ever','3135249916','','');
INSERT INTO "cliente" VALUES (539,'','Tienda Gloria Marulanda','Tienda Gloria Marulanda','3146569495','','');
INSERT INTO "cliente" VALUES (540,'','David Raigoza',' David Raigoza','3147243277','','');
INSERT INTO "cliente" VALUES (541,'','Tienda el regreso',' Olga Naranjo','8456366','','');
INSERT INTO "cliente" VALUES (542,'','Tienda las mazorcas',' Clara Inés Correa','3117073305','','');
INSERT INTO "cliente" VALUES (543,'','Los quintos',' Juan Pablo Moncada','3113234952','','');
INSERT INTO "cliente" VALUES (544,'','Tienda siga pues',' Diego Ceballos','3058198802','','');
INSERT INTO "cliente" VALUES (545,'','Tienda la Y','Tienda la Y','','','');
INSERT INTO "cliente" VALUES (546,'','Tienda la colmenita','Tienda la colmenita','','','');
INSERT INTO "cliente" VALUES (547,'','Panaderia Diego Blandon','Panaderia Diego Blandon','','','');
INSERT INTO "cliente" VALUES (548,'','Tienda Kolibri',' Sandra Montoya',' 3113388580','','');
INSERT INTO "cliente" VALUES (549,'','Tienda Canacol','Diana Correa','3217575703','','');
INSERT INTO "cliente" VALUES (550,'','Tienda Calderon','Tienda Calderon','3122819357','','');
INSERT INTO "cliente" VALUES (551,'','Tienda Omar Orozco','Tienda Omar Orozco','','','');
INSERT INTO "cliente" VALUES (552,'','El Danubio','Oscar','3127620167','','');
INSERT INTO "cliente" VALUES (553,'','Amalia Cristiania',' Amalia González','3123002282','','');
INSERT INTO "cliente" VALUES (554,'','Fonda verdum','Fonda verdum','','','');
INSERT INTO "cliente" VALUES (555,'','La cabaña de los chorizos','La cabaña de los chorizos','','','');
INSERT INTO "cliente" VALUES (556,'','Hostería lagos valdivia',' Oscar Preciado Gil','','valdiviaestadero@gmail.com','');
INSERT INTO "cliente" VALUES (557,'','Billares noche de luna',' Orlando Osorio','3113100970','','');
INSERT INTO "cliente" VALUES (558,'','Bar cafetero','Fray Holmes Ríos Castañeda','3207705949','','');
INSERT INTO "cliente" VALUES (559,'','Dónde primo','Mabilia Rendon','3113315646','','');
INSERT INTO "cliente" VALUES (560,'','Bar antojitos',' Julio César Amelines','3122144251','','');
INSERT INTO "cliente" VALUES (561,'','Manzanares','Guillermo Osorio','8455819','','');
INSERT INTO "cliente" VALUES (562,'','Variedades la cigueñita','Alejandro Garcia','8456136','','');
INSERT INTO "cliente" VALUES (563,'','Frutty Helados','Yamile Jaramillo','3215934626','','');
INSERT INTO "cliente" VALUES (564,'','Panadería maite',' Alfonso Cardona','3107071358','','');
INSERT INTO "cliente" VALUES (565,'','Empanadas pava (colegio)',' José Julian','','','');
INSERT INTO "cliente" VALUES (566,'','Colegio ','Colegio ','','','');
INSERT INTO "cliente" VALUES (567,'','Fonda los angeles',' Gloria Yanet Restrepo',' 3127502214',' ','');
INSERT INTO "cliente" VALUES (568,'','Fonda Antonio',' Nelly Alzate',' 3224427778','','');
INSERT INTO "cliente" VALUES (569,'','Luz Dary Hoyos',' Luz Dary Hoyos',' 3135188889',' ','');
INSERT INTO "cliente" VALUES (570,'','Rocío Carmona',' Rocio Carmona',' 3126071864','','');
INSERT INTO "cliente" VALUES (571,'','Mario Uribe',' Mario Uribe',' 3117941847',' ','');
INSERT INTO "cliente" VALUES (572,'','Hernán parranda',' Hernan Lopez',' 3117462123',' ','');
INSERT INTO "cliente" VALUES (573,'','Berta Echeverry','Berta Echeverry','','','');
INSERT INTO "cliente" VALUES (574,'','Panaderia primo nacho',' Adrián Bedoya',' ',' ','');
INSERT INTO "cliente" VALUES (575,'','La portada',' Diana Marulanda',' 3228903332',' ','');
INSERT INTO "cliente" VALUES (576,'','Ramon Sierra',' Ramon Sierra',' ',' ','');
INSERT INTO "cliente" VALUES (577,'','Tienda la virgen',' Lucia Vargas',' 3116452341','','');
INSERT INTO "cliente" VALUES (578,'','Escuela peña azules',' Fabiola Valoyes',' 3012544124',' ','');
INSERT INTO "cliente" VALUES (579,'','Fonda Tres estrellas',' Herney Parra',' 3122596819',' ','');
INSERT INTO "cliente" VALUES (580,'','Fonda La virgen',' Mario Ruiz',' 3136848919',' ','');
INSERT INTO "cliente" VALUES (581,'','Fonda La virgen',' Mario Ruiz',' 3136848919',' ','');
INSERT INTO "cliente" VALUES (582,'','Supermercado mercamax',' Alberto Alzate',' 3228840690',' ','');
INSERT INTO "cliente" VALUES (583,'','Panaderia Santa Rita',' Miriam Agudelo',' 3104343954',' ','');
INSERT INTO "cliente" VALUES (584,'','La esquina del colegio',' Dolly Alzate',' 3148643168',' ','');
INSERT INTO "cliente" VALUES (585,'','Frente del colegio',' Roberto Cardona',' 3216659571',' ','');
INSERT INTO "cliente" VALUES (586,'','Tienda zamora Milena',' Diana Monsalve',' 8425144',' ','');
INSERT INTO "cliente" VALUES (587,'','Amparo Jaramillo',' Amparo Jaramillo',' 3106451886',' amparojllo@hotmail.com','');
INSERT INTO "cliente" VALUES (588,'','Colegio Santa Rita',' Maribel Castañeda Garcia',' 3117993999',' ','');
INSERT INTO "cliente" VALUES (589,'','Panadería sultana',' Carlos Rodríguez',' 3215904921',' ','');
INSERT INTO "cliente" VALUES (590,'','Tienda la esquina',' Uldarico Posada','3233647865',' ','');
INSERT INTO "cliente" VALUES (591,'','Alberto Castañeda','Alberto Castañeda',' ',' ','');
INSERT INTO "cliente" VALUES (592,'','Bomba Texaco','Inversiones Luna','3007044931','','');
INSERT INTO "cliente" VALUES (593,'','El Bosque','Olga Cecilia Arteaga','3227384991','','');
INSERT INTO "cliente" VALUES (594,'','La legía','La legía','','','');
INSERT INTO "cliente" VALUES (595,'','Sebastián Montoya','Sebastián Montoya','3113900920','','');
INSERT INTO "cliente" VALUES (596,'','Esquina blanca','Nelson Arcilla','3216446344','','');
INSERT INTO "cliente" VALUES (597,'','Martha Posada','Martha Posada','3137610275','','');
INSERT INTO "cliente" VALUES (598,'','La ventanita',' Amparo Vanegas',' 3218920163','','');
INSERT INTO "cliente" VALUES (599,'','Cafetería la ilusión','Orlando Ruiz','3134959887','','');
INSERT INTO "cliente" VALUES (600,'','Universidad','Oliva Gonzales','3127375935','','');
INSERT INTO "cliente" VALUES (601,'','Colegio','Adriana Ruiz','3117544770','','');
INSERT INTO "cliente" VALUES (602,'','Los Velez','Maximercado los Velez','3122954085',' maximercadovelez@gmail.com','');
INSERT INTO "cliente" VALUES (603,'','Fonda el descuelgue','Marina Alzate','3225710353',' ','');
INSERT INTO "cliente" VALUES (604,'','Lácteos del campo',' Gabriel Zapata','3204518881',' ','');
INSERT INTO "ciudad_cliente" VALUES (454,1);
INSERT INTO "ciudad_cliente" VALUES (455,1);
INSERT INTO "ciudad_cliente" VALUES (456,1);
INSERT INTO "ciudad_cliente" VALUES (457,1);
INSERT INTO "ciudad_cliente" VALUES (458,1);
INSERT INTO "ciudad_cliente" VALUES (459,1);
INSERT INTO "ciudad_cliente" VALUES (460,1);
INSERT INTO "ciudad_cliente" VALUES (461,1);
INSERT INTO "ciudad_cliente" VALUES (462,1);
INSERT INTO "ciudad_cliente" VALUES (463,1);
INSERT INTO "ciudad_cliente" VALUES (464,1);
INSERT INTO "ciudad_cliente" VALUES (465,1);
INSERT INTO "ciudad_cliente" VALUES (466,1);
INSERT INTO "ciudad_cliente" VALUES (467,1);
INSERT INTO "ciudad_cliente" VALUES (468,1);
INSERT INTO "ciudad_cliente" VALUES (469,1);
INSERT INTO "ciudad_cliente" VALUES (470,2);
INSERT INTO "ciudad_cliente" VALUES (471,2);
INSERT INTO "ciudad_cliente" VALUES (472,2);
INSERT INTO "ciudad_cliente" VALUES (473,2);
INSERT INTO "ciudad_cliente" VALUES (474,2);
INSERT INTO "ciudad_cliente" VALUES (475,2);
INSERT INTO "ciudad_cliente" VALUES (476,2);
INSERT INTO "ciudad_cliente" VALUES (477,2);
INSERT INTO "ciudad_cliente" VALUES (478,2);
INSERT INTO "ciudad_cliente" VALUES (479,2);
INSERT INTO "ciudad_cliente" VALUES (480,2);
INSERT INTO "ciudad_cliente" VALUES (481,2);
INSERT INTO "ciudad_cliente" VALUES (482,2);
INSERT INTO "ciudad_cliente" VALUES (483,2);
INSERT INTO "ciudad_cliente" VALUES (484,2);
INSERT INTO "ciudad_cliente" VALUES (485,2);
INSERT INTO "ciudad_cliente" VALUES (486,2);
INSERT INTO "ciudad_cliente" VALUES (487,2);
INSERT INTO "ciudad_cliente" VALUES (488,2);
INSERT INTO "ciudad_cliente" VALUES (489,2);
INSERT INTO "ciudad_cliente" VALUES (490,2);
INSERT INTO "ciudad_cliente" VALUES (491,2);
INSERT INTO "ciudad_cliente" VALUES (492,2);
INSERT INTO "ciudad_cliente" VALUES (493,2);
INSERT INTO "ciudad_cliente" VALUES (494,2);
INSERT INTO "ciudad_cliente" VALUES (495,2);
INSERT INTO "ciudad_cliente" VALUES (496,2);
INSERT INTO "ciudad_cliente" VALUES (497,2);
INSERT INTO "ciudad_cliente" VALUES (498,2);
INSERT INTO "ciudad_cliente" VALUES (499,2);
INSERT INTO "ciudad_cliente" VALUES (500,2);
INSERT INTO "ciudad_cliente" VALUES (501,2);
INSERT INTO "ciudad_cliente" VALUES (502,2);
INSERT INTO "ciudad_cliente" VALUES (503,3);
INSERT INTO "ciudad_cliente" VALUES (504,3);
INSERT INTO "ciudad_cliente" VALUES (505,3);
INSERT INTO "ciudad_cliente" VALUES (506,3);
INSERT INTO "ciudad_cliente" VALUES (507,3);
INSERT INTO "ciudad_cliente" VALUES (508,3);
INSERT INTO "ciudad_cliente" VALUES (509,3);
INSERT INTO "ciudad_cliente" VALUES (510,3);
INSERT INTO "ciudad_cliente" VALUES (511,3);
INSERT INTO "ciudad_cliente" VALUES (512,3);
INSERT INTO "ciudad_cliente" VALUES (513,3);
INSERT INTO "ciudad_cliente" VALUES (514,3);
INSERT INTO "ciudad_cliente" VALUES (515,3);
INSERT INTO "ciudad_cliente" VALUES (516,3);
INSERT INTO "ciudad_cliente" VALUES (517,3);
INSERT INTO "ciudad_cliente" VALUES (518,3);
INSERT INTO "ciudad_cliente" VALUES (519,3);
INSERT INTO "ciudad_cliente" VALUES (520,3);
INSERT INTO "ciudad_cliente" VALUES (521,4);
INSERT INTO "ciudad_cliente" VALUES (522,4);
INSERT INTO "ciudad_cliente" VALUES (523,4);
INSERT INTO "ciudad_cliente" VALUES (524,4);
INSERT INTO "ciudad_cliente" VALUES (525,4);
INSERT INTO "ciudad_cliente" VALUES (526,4);
INSERT INTO "ciudad_cliente" VALUES (527,4);
INSERT INTO "ciudad_cliente" VALUES (528,4);
INSERT INTO "ciudad_cliente" VALUES (529,4);
INSERT INTO "ciudad_cliente" VALUES (530,4);
INSERT INTO "ciudad_cliente" VALUES (531,4);
INSERT INTO "ciudad_cliente" VALUES (532,4);
INSERT INTO "ciudad_cliente" VALUES (533,4);
INSERT INTO "ciudad_cliente" VALUES (534,4);
INSERT INTO "ciudad_cliente" VALUES (535,4);
INSERT INTO "ciudad_cliente" VALUES (536,4);
INSERT INTO "ciudad_cliente" VALUES (537,4);
INSERT INTO "ciudad_cliente" VALUES (538,4);
INSERT INTO "ciudad_cliente" VALUES (539,4);
INSERT INTO "ciudad_cliente" VALUES (540,4);
INSERT INTO "ciudad_cliente" VALUES (541,4);
INSERT INTO "ciudad_cliente" VALUES (542,4);
INSERT INTO "ciudad_cliente" VALUES (543,4);
INSERT INTO "ciudad_cliente" VALUES (544,4);
INSERT INTO "ciudad_cliente" VALUES (545,4);
INSERT INTO "ciudad_cliente" VALUES (546,4);
INSERT INTO "ciudad_cliente" VALUES (547,4);
INSERT INTO "ciudad_cliente" VALUES (548,4);
INSERT INTO "ciudad_cliente" VALUES (549,4);
INSERT INTO "ciudad_cliente" VALUES (550,4);
INSERT INTO "ciudad_cliente" VALUES (551,4);
INSERT INTO "ciudad_cliente" VALUES (552,4);
INSERT INTO "ciudad_cliente" VALUES (553,4);
INSERT INTO "ciudad_cliente" VALUES (554,4);
INSERT INTO "ciudad_cliente" VALUES (555,4);
INSERT INTO "ciudad_cliente" VALUES (556,4);
INSERT INTO "ciudad_cliente" VALUES (557,4);
INSERT INTO "ciudad_cliente" VALUES (558,4);
INSERT INTO "ciudad_cliente" VALUES (559,4);
INSERT INTO "ciudad_cliente" VALUES (560,4);
INSERT INTO "ciudad_cliente" VALUES (561,4);
INSERT INTO "ciudad_cliente" VALUES (562,4);
INSERT INTO "ciudad_cliente" VALUES (563,4);
INSERT INTO "ciudad_cliente" VALUES (564,4);
INSERT INTO "ciudad_cliente" VALUES (565,4);
INSERT INTO "ciudad_cliente" VALUES (566,4);
INSERT INTO "ciudad_cliente" VALUES (567,5);
INSERT INTO "ciudad_cliente" VALUES (568,5);
INSERT INTO "ciudad_cliente" VALUES (569,5);
INSERT INTO "ciudad_cliente" VALUES (570,5);
INSERT INTO "ciudad_cliente" VALUES (571,5);
INSERT INTO "ciudad_cliente" VALUES (572,5);
INSERT INTO "ciudad_cliente" VALUES (573,5);
INSERT INTO "ciudad_cliente" VALUES (574,5);
INSERT INTO "ciudad_cliente" VALUES (575,5);
INSERT INTO "ciudad_cliente" VALUES (576,5);
INSERT INTO "ciudad_cliente" VALUES (577,5);
INSERT INTO "ciudad_cliente" VALUES (578,5);
INSERT INTO "ciudad_cliente" VALUES (579,5);
INSERT INTO "ciudad_cliente" VALUES (580,5);
INSERT INTO "ciudad_cliente" VALUES (580,5);
INSERT INTO "ciudad_cliente" VALUES (582,6);
INSERT INTO "ciudad_cliente" VALUES (583,6);
INSERT INTO "ciudad_cliente" VALUES (584,6);
INSERT INTO "ciudad_cliente" VALUES (585,6);
INSERT INTO "ciudad_cliente" VALUES (586,6);
INSERT INTO "ciudad_cliente" VALUES (587,6);
INSERT INTO "ciudad_cliente" VALUES (588,6);
INSERT INTO "ciudad_cliente" VALUES (589,6);
INSERT INTO "ciudad_cliente" VALUES (590,6);
INSERT INTO "ciudad_cliente" VALUES (591,6);
INSERT INTO "ciudad_cliente" VALUES (592,7);
INSERT INTO "ciudad_cliente" VALUES (593,7);
INSERT INTO "ciudad_cliente" VALUES (594,7);
INSERT INTO "ciudad_cliente" VALUES (595,7);
INSERT INTO "ciudad_cliente" VALUES (596,7);
INSERT INTO "ciudad_cliente" VALUES (597,7);
INSERT INTO "ciudad_cliente" VALUES (598,7);
INSERT INTO "ciudad_cliente" VALUES (599,7);
INSERT INTO "ciudad_cliente" VALUES (600,7);
INSERT INTO "ciudad_cliente" VALUES (601,7);
INSERT INTO "ciudad_cliente" VALUES (602,7);
INSERT INTO "ciudad_cliente" VALUES (603,7);
INSERT INTO "ciudad_cliente" VALUES (604,7);
INSERT INTO "producto" VALUES (1001,'AGUA MONTEFRIO BTLLA X 600',1050,0);
INSERT INTO "producto" VALUES (1002,'ALBONDIGON X 250',2750,0.19);
INSERT INTO "producto" VALUES (1003,'ALBONDIGON X 500',5200,0.19);
INSERT INTO "producto" VALUES (1004,'AREQUIPE A GRANEL CAJA X 5KG',43700,0.19);
INSERT INTO "producto" VALUES (1005,'AREQUIPE ALTA DENSI GRANEL * 10 K FINO',90700,0.19);
INSERT INTO "producto" VALUES (1006,'AREQUIPE COLANTA BOLSA X 1000',8700,0.19);
INSERT INTO "producto" VALUES (1007,'LECHE EN POLVO INFANTIL*400 GRS',7990,0);
INSERT INTO "producto" VALUES (1008,'AREQUIPE COLANTA X 500',6400,0.19);
INSERT INTO "producto" VALUES (1009,'AREQUIPE COLANTA*50 GRS',850,0.19);
INSERT INTO "producto" VALUES (1010,'AREQUIPE COLANTA*50 GRS*30 UND + BOMBONERA',17800,0.16);
INSERT INTO "producto" VALUES (1011,'AREQUIPE COLANTA X 250',3650,0.19);
INSERT INTO "producto" VALUES (1012,'AREQUIPE DOYPACK*250 GRS',3050,0.19);
INSERT INTO "producto" VALUES (1013,'AREQUIPE SACHEL TIRA*12 UND',360,0.19);
INSERT INTO "producto" VALUES (1014,'AREQUIPE SOLUCION GRANEL X 5',38150,0.19);
INSERT INTO "producto" VALUES (1015,'ARROZ COLANTA X 10 K',36150,0);
INSERT INTO "producto" VALUES (1016,'ARROZ COLANTA X 2500',9050,0);
INSERT INTO "producto" VALUES (1017,'ARROZ COLANTA X 500',1810,0);
INSERT INTO "producto" VALUES (1018,'ARVEJA CON ZANAHORIA ENLATADA * 300G',2000,0.19);
INSERT INTO "producto" VALUES (1019,'ARVEJA ENLATADA X 300 GR',2000,0.19);
INSERT INTO "producto" VALUES (1020,'AVENA ',960,0.19);
INSERT INTO "producto" VALUES (1021,'AVENA CANELA UHT SLIM',1150,0.19);
INSERT INTO "producto" VALUES (1022,'BLACKPUDDING X 300',3850,0.19);
INSERT INTO "producto" VALUES (1023,'BUTIFARRA X 500',6000,0.05);
INSERT INTO "producto" VALUES (1024,'CABANO X 125',4900,0.19);
INSERT INTO "producto" VALUES (1025,'CHIRZO CAMP. X 50',41000,0.19);
INSERT INTO "producto" VALUES (1026,'CHORIZO ARRIERO X 500',8500,0.19);
INSERT INTO "producto" VALUES (1027,'CHORIZO CAMP. X 250',4450,0.19);
INSERT INTO "producto" VALUES (1028,'CHORIZO CAMP. X 500',8500,0.19);
INSERT INTO "producto" VALUES (1029,'CHORIZO CAMPESINO DUO',1900,0.19);
INSERT INTO "producto" VALUES (1030,'CHORIZO COCTEL JALAPEÑO X 300',7200,0.19);
INSERT INTO "producto" VALUES (1031,'CHORIZO SANTARROSANO * 250',4610,0.19);
INSERT INTO "producto" VALUES (1032,'CHORIZO SANTARROSANO DUO',2300,0.19);
INSERT INTO "producto" VALUES (1033,'CHORIZO SANTARROSANO X 500',9300,0.19);
INSERT INTO "producto" VALUES (1034,'CHORIZO SANTARROSANO*20 UND',21150,0.19);
INSERT INTO "producto" VALUES (1035,'CHORIZO TERNERA COCTEL',6700,0.19);
INSERT INTO "producto" VALUES (1036,'CHORIZO TERNERA DUOPACK',2100,0.19);
INSERT INTO "producto" VALUES (1037,'CHORIZO TERNERA X 50 UNID',52420,0.19);
INSERT INTO "producto" VALUES (1038,'CHORIZO TERNERA X 500',8680,0.19);
INSERT INTO "producto" VALUES (1039,'CHORIZO TERNERA X20 UNID',21400,0.19);
INSERT INTO "producto" VALUES (1040,'CHORIZO TERNERA*4 UND*250 GRS',4650,0.19);
INSERT INTO "producto" VALUES (1041,'COMBO PLACER Y TENTACION X 500',15500,0.19);
INSERT INTO "producto" VALUES (1042,'CREMA AGRIA X 200',3050,0.19);
INSERT INTO "producto" VALUES (1043,'CREMA AGRIA X 400',5450,0.19);
INSERT INTO "producto" VALUES (1044,'CREMA AGRIA-SUERO X 4000',36500,0.19);
INSERT INTO "producto" VALUES (1045,'CREMA DE LECHE BALDE X 1000',12150,0);
INSERT INTO "producto" VALUES (1046,'CREMA DE LECHE UHT BOLSA X 180',1550,0);
INSERT INTO "producto" VALUES (1047,'CREMA DE LECHE UHT X 900',7800,0);
INSERT INTO "producto" VALUES (1048,'CREMA DE LECHE VIDRIO X 225',5000,0);
INSERT INTO "producto" VALUES (1049,'CREMA DE LECHE VIDRIO X 475',8600,0);
INSERT INTO "producto" VALUES (1050,'CREMA DE LECHE X 10 LTS',83300,0);
INSERT INTO "producto" VALUES (1051,'CREMA DE LECHE X 5 LTS',45700,0);
INSERT INTO "producto" VALUES (1052,'CREMA LECHE UHT SLIM X 200',2550,0);
INSERT INTO "producto" VALUES (1053,'CUAJADA PROLINCO X 400',4250,0);
INSERT INTO "producto" VALUES (1054,'CUAJADA X 250',3080,0);
INSERT INTO "producto" VALUES (1055,'CUAJADA X 500',5970,0);
INSERT INTO "producto" VALUES (1056,'FRESCOLANTA',960,0.19);
INSERT INTO "producto" VALUES (1057,'FRESCOLANTA TETRA X 200',1380,0.19);
INSERT INTO "producto" VALUES (1058,'FRIJOLES ENLATADOS X 580',4700,0.19);
INSERT INTO "producto" VALUES (1059,'GELATINA COLANTA X 120',800,0.19);
INSERT INTO "producto" VALUES (1060,'HAMBURGUESA X 2000',25000,0.19);
INSERT INTO "producto" VALUES (1061,'HAMBURGUESA X 500',7950,0.19);
INSERT INTO "producto" VALUES (1062,'JAMON BLOQUE X 2500',40400,0.19);
INSERT INTO "producto" VALUES (1063,'QUESO BLANCO INDUSTRIAL TIPO B',13700,0);
INSERT INTO "producto" VALUES (1064,'JAMON DE CERDO BUFFET X 500 TAJA',18800,0.19);
INSERT INTO "producto" VALUES (1065,'JAMON TAJADO X 250',4800,0.19);
INSERT INTO "producto" VALUES (1066,'JAMON TAJADO X 500',8530,0.19);
INSERT INTO "producto" VALUES (1067,'JAMON TERNERA X 250',5600,0.19);
INSERT INTO "producto" VALUES (1068,'JUGO MANDARI. NAT. COLANTA X 1000',4850,0.19);
INSERT INTO "producto" VALUES (1069,'JUGO MANDARI. NAT. COLANTA X 250',1700,0.19);
INSERT INTO "producto" VALUES (1070,'JUGO NARANJA NAT. COLANTA   X 500',1850,0.19);
INSERT INTO "producto" VALUES (1071,'JUGO NARANJA NAT. COLANTA X 1000',3350,0.19);
INSERT INTO "producto" VALUES (1072,'JUGO NARANJA NAT. X 250',1250,0.19);
INSERT INTO "producto" VALUES (1073,'JUGO NAT. MANDARI. NAT. COLANTA X 500',2650,0.19);
INSERT INTO "producto" VALUES (1074,'KUMIS BOLSA X 1000',4700,0.19);
INSERT INTO "producto" VALUES (1075,'KUMIS BOLSA X 6',950,0.19);
INSERT INTO "producto" VALUES (1076,'KUMIS GARRAFA X 4000',20900,0.19);
INSERT INTO "producto" VALUES (1077,'QUESO MONTERREY JACK* 250',12050,0.19);
INSERT INTO "producto" VALUES (1078,'QUESO MONTERREY JACK* 475',18000,0.19);
INSERT INTO "producto" VALUES (1079,'KUMIS GFA X 1000',7350,0.19);
INSERT INTO "producto" VALUES (1080,'KUMIS VASO X 150',1200,0.19);
INSERT INTO "producto" VALUES (1081,'KUMIS VASO X 200',1660,0.19);
INSERT INTO "producto" VALUES (1082,'LECHE CONDENSADA DOYPACK X 1000',9970,0);
INSERT INTO "producto" VALUES (1083,'LECHE CONDENSADA DOYPACK X 300',4000,0);
INSERT INTO "producto" VALUES (1084,'LECHE DESCREMADA BOLSA X 900',2240,0);
INSERT INTO "producto" VALUES (1085,'LECHE DESLACT. MAXILITRO',2860,0);
INSERT INTO "producto" VALUES (1086,'LECHE DESLACT. MAXILITRO SIXPAC',17160,0);
INSERT INTO "producto" VALUES (1087,'LECHE DESLACTOSADA BOLSA*450',1220,0);
INSERT INTO "producto" VALUES (1088,'LECHE DESLACTOSADA BOLSA*900 GRS',2440,0);
INSERT INTO "producto" VALUES (1089,'LECHE DESLACTOSADA UHT X 200',950,0);
INSERT INTO "producto" VALUES (1090,'LECHE EN POLV. COLANTA X 25,000',361530,0);
INSERT INTO "producto" VALUES (1091,'LECHE EN POLV. MONTEF. X 25,000',350880,0);
INSERT INTO "producto" VALUES (1092,'LECHE EN POLVO DESCREMADA X 400',7270,0);
INSERT INTO "producto" VALUES (1093,'LECHE EN POLVO DESLACTOSA X 400',7800,0);
INSERT INTO "producto" VALUES (1094,'LECHE EN POLVO ENTE. X 200',4200,0);
INSERT INTO "producto" VALUES (1095,'LECHE EN POLVO ENTE. X 400',7400,0);
INSERT INTO "producto" VALUES (1096,'LECHE EN POLVO MONTEFRIO X 380',6620,0);
INSERT INTO "producto" VALUES (1097,'LECHE EN POLVO MONTEFRIO X 900',14220,0);
INSERT INTO "producto" VALUES (1098,'LECHE EN POLVO PROLINCO 350G',5570,0);
INSERT INTO "producto" VALUES (1099,'LECHE EN POLVO PROLINCO 780G',12180,0);
INSERT INTO "producto" VALUES (1100,'LECHE ENTERA MONTEFRIO * 1000',1890,0);
INSERT INTO "producto" VALUES (1101,'LECHE ENTERA PAST. X 1000',2180,0);
INSERT INTO "producto" VALUES (1102,'LECHE ENTERA PAST. X 250',610,0);
INSERT INTO "producto" VALUES (1103,'LECHE LARGA VIDA  MONTEFRIO X 900',1800,0);
INSERT INTO "producto" VALUES (1104,'LECHE LARGA VIDA*900*SIXPACK',13750,0);
INSERT INTO "producto" VALUES (1105,'LECHE LARGAVIDA MONTX900 X6U.',10800,0);
INSERT INTO "producto" VALUES (1106,'LECHE POLVO ENTERA SACHET 12 UND*25 GRS',600,0);
INSERT INTO "producto" VALUES (1107,'LECHE PROLINCO DESLACTOSADA UNIDAD',1800,0);
INSERT INTO "producto" VALUES (1108,'LECHE RICURA ENTERA X 900',1590,0);
INSERT INTO "producto" VALUES (1109,'LECHE SEMIDESCREM. X 1000 PASTERIZADA',2180,0);
INSERT INTO "producto" VALUES (1110,'LECHE SEMIDESCREMADA MAXILI',2850,0);
INSERT INTO "producto" VALUES (1111,'LECHE TETRA DESCREMADA 1050',2820,0);
INSERT INTO "producto" VALUES (1112,'LECHE TETRA DESLACT SEMIDESCR 1050',2900,0);
INSERT INTO "producto" VALUES (1113,'LECHE TETRA DESLACTOSADA *1050',2900,0);
INSERT INTO "producto" VALUES (1114,'LECHE TETRA ENTERA 1050',2760,0);
INSERT INTO "producto" VALUES (1115,'LECHE UHT ENTERA PROLINCO  X 900',1700,0);
INSERT INTO "producto" VALUES (1116,'LECHE UHT ENTERA PROLINCO X 6',10200,0);
INSERT INTO "producto" VALUES (1117,'LECHE UHT ENTERA X 1100',2700,0);
INSERT INTO "producto" VALUES (1118,'LECHE UHT ENTERA X 1100 X 6',16200,0);
INSERT INTO "producto" VALUES (1119,'LECHE UHT ENTERA X 200',600,0);
INSERT INTO "producto" VALUES (1120,'LECHE UHT ENTERA X 450',1160,0);
INSERT INTO "producto" VALUES (1121,'LECHE UHT ENTERA X 900',2290,0);
INSERT INTO "producto" VALUES (1122,'LEHCE EN POLVO MONTEFRIO X 900',14250,0);
INSERT INTO "producto" VALUES (1123,'LECHE UHT PROLINCO DESLA SIXPAC',11100,0);
INSERT INTO "producto" VALUES (1124,'YOGUR KID VASO X 150',750,0.19);
INSERT INTO "producto" VALUES (1125,'LECHE EN POLVO ENT. X 1000',16950,0);
INSERT INTO "producto" VALUES (1126,'ANCHETA TRADICION',29000,0.19);
INSERT INTO "producto" VALUES (1127,'ANCHETA ILUSION',48000,0.19);
INSERT INTO "producto" VALUES (1128,'ANCHETA SENSACION',78000,0.19);
INSERT INTO "producto" VALUES (1129,'ANCHETA EMOCION',89500,0.19);
INSERT INTO "producto" VALUES (1130,'QUESO MOZARELLA BUFALA X 450',11350,0);
INSERT INTO "producto" VALUES (1131,'QUESO MOZARELLA BUFALA X 250',6600,0);
INSERT INTO "producto" VALUES (1132,'MANTEQUILLA COLANTA 10X30',6550,0.19);
INSERT INTO "producto" VALUES (1133,'MANTEQUILLA COLANTA X 10 KILOS',190370,0.19);
INSERT INTO "producto" VALUES (1134,'MANTEQUILLA COLANTA X 125',3100,0.19);
INSERT INTO "producto" VALUES (1135,'MANTEQUILLA COLANTA X 250',5450,0.19);
INSERT INTO "producto" VALUES (1136,'MORCILLA X 250',2800,0.19);
INSERT INTO "producto" VALUES (1137,'MORCILLA X 500',5350,0.19);
INSERT INTO "producto" VALUES (1138,'MORTADELA MONTEFRIO X 250',3300,0.05);
INSERT INTO "producto" VALUES (1139,'MORTADELA X 500 MONTEFRIO',5700,0.05);
INSERT INTO "producto" VALUES (1140,'MOZARELLA X 250 TAJADO',6220,0);
INSERT INTO "producto" VALUES (1141,'PETITO X 90',1490,0);
INSERT INTO "producto" VALUES (1142,'PRO. TAMPICO BOLSA 250ML 9X10',4500,0.19);
INSERT INTO "producto" VALUES (1143,'PTE ECON. MORTADELA+SALCHICHON+SALCHICHA',7800,0.19);
INSERT INTO "producto" VALUES (1144,'QUESILLO BLOQ ORIENTE X 2500',30450,0);
INSERT INTO "producto" VALUES (1145,'QUESILLO BLOQUE X 2500',44300,0);
INSERT INTO "producto" VALUES (1146,'QUESILLO TAJ ORIENTE X 125',2060,0);
INSERT INTO "producto" VALUES (1147,'QUESILLO TAJ ORIENTE X 250',3500,0);
INSERT INTO "producto" VALUES (1148,'QUESILLO TAJ ORIENTE X 2500',31550,0);
INSERT INTO "producto" VALUES (1149,'QUESILLO X 250',5000,0);
INSERT INTO "producto" VALUES (1150,'QUESILLO X 450',8840,0);
INSERT INTO "producto" VALUES (1151,'QUESITO MONTEFRIO X 220',2330,0);
INSERT INTO "producto" VALUES (1152,'QUESITO MONTEFRIO X 400',4200,0);
INSERT INTO "producto" VALUES (1153,'QUESO BLANCO X 2000',31620,0);
INSERT INTO "producto" VALUES (1154,'QUESO BLANCO X 250',4230,0);
INSERT INTO "producto" VALUES (1155,'QUESO MOZARELLA TAJADO*1000 GRS',22600,0);
INSERT INTO "producto" VALUES (1156,'QUESO BLANCO X 250 LIGHT',4350,0);
INSERT INTO "producto" VALUES (1157,'QUESO BLANCO X 500',8430,0);
INSERT INTO "producto" VALUES (1158,'QUESO BLOQUE MOZARELLA X 2500',46500,0);
INSERT INTO "producto" VALUES (1159,'QUESO CHEDDAR TAJADO X 250',7400,0.19);
INSERT INTO "producto" VALUES (1160,'QUESO CINCUENTENARIO X 250',11000,0.19);
INSERT INTO "producto" VALUES (1161,'QUESO CINCUENTENARIO X 475',19750,0.19);
INSERT INTO "producto" VALUES (1162,'QUESO COSTEÑO',14860,0);
INSERT INTO "producto" VALUES (1163,'QUESO CREMA 15G X 30 UNIDADES',9120,0);
INSERT INTO "producto" VALUES (1164,'QUESO CREMA GRANEL X 4000',46670,0);
INSERT INTO "producto" VALUES (1165,'QUESO CREMA SLIGHT X 230',3900,0);
INSERT INTO "producto" VALUES (1166,'QUESO MOZA.  BUFALA FINAS HIER. 250',6130,0);
INSERT INTO "producto" VALUES (1167,'QUESO CREMA X 150G',2140,0);
INSERT INTO "producto" VALUES (1168,'QUESO CREMA X 230',3130,0);
INSERT INTO "producto" VALUES (1169,'QUESO CREMA X 400',5220,0);
INSERT INTO "producto" VALUES (1170,'QUESO DOBLE CREMA TAJADO X 250',5860,0);
INSERT INTO "producto" VALUES (1171,'PR. LECHE ENTERA LARGA VIDA X 6 GRAT. CHOCOL',15840,0);
INSERT INTO "producto" VALUES (1172,'QUESO DOBLECREMA  BLOQUE X 2500',42000,0);
INSERT INTO "producto" VALUES (1173,'QUESO DOBLECREMA TAJADO X 2000',35380,0);
INSERT INTO "producto" VALUES (1174,'QUESO DOBLECREMA X 250',5000,0);
INSERT INTO "producto" VALUES (1175,'QUESO DOBLECREMA X 500',11350,0);
INSERT INTO "producto" VALUES (1176,'QUESO FUNDIDO TAJADO * 500',11800,0.19);
INSERT INTO "producto" VALUES (1177,'QUESO FUNDIDO TAJADO X 250 GRS',6000,0.19);
INSERT INTO "producto" VALUES (1178,'QUESO FUNDIDO UNTABLEX 200',4450,0.19);
INSERT INTO "producto" VALUES (1179,'QUESO GANITAS X 50 GRS',1300,0);
INSERT INTO "producto" VALUES (1180,'QUESO HOLANDES X 2000',64900,0.19);
INSERT INTO "producto" VALUES (1181,'QUESO HOLANDES X 250',10650,0.19);
INSERT INTO "producto" VALUES (1182,'QUESO HOLANDES X 475',17650,0.19);
INSERT INTO "producto" VALUES (1183,'QUESO INDUSTRIA PROLINCO X 10KG',12500,0);
INSERT INTO "producto" VALUES (1184,'QUESO MOZARELLA BLOQUE* 250',5730,0);
INSERT INTO "producto" VALUES (1185,'QUESO MOZARELLA BLOQUE* 450 GRS',10900,0);
INSERT INTO "producto" VALUES (1186,'QUESO MOZARELLA TAJADO X 2000',44950,0);
INSERT INTO "producto" VALUES (1187,'REFRESCO PULPY * 300 ML',1500,0.19);
INSERT INTO "producto" VALUES (1188,'QUESO MOZARELLA TAJADO* 500 GRS',11820,0);
INSERT INTO "producto" VALUES (1189,'QUESO MOZARELLA TAJADO*250',6220,0);
INSERT INTO "producto" VALUES (1190,'QUESO PARA ASAR X 250',4500,0);
INSERT INTO "producto" VALUES (1191,'QUESO PARA ASAR X 500',8950,0);
INSERT INTO "producto" VALUES (1192,'QUESO PARMESANO CUÑA KG',45400,0.19);
INSERT INTO "producto" VALUES (1193,'QUESO PARMESANO RALLADO X 100',5380,0.19);
INSERT INTO "producto" VALUES (1194,'QUESO PARMESANO RALLADO X 250',12790,0.19);
INSERT INTO "producto" VALUES (1195,'QUESO PARMESANO RALLADO X 40',2350,0.19);
INSERT INTO "producto" VALUES (1196,'QUESO PARMESANO RALLADO X 500',25470,0.19);
INSERT INTO "producto" VALUES (1197,'ACEITE DE OLIVA*250 ML',15450,0.19);
INSERT INTO "producto" VALUES (1198,'QUESO PARMESANO RALLADO*1000 GRS',50490,0.19);
INSERT INTO "producto" VALUES (1199,'QUESO RICOTTA CON SAL X 230',3320,0);
INSERT INTO "producto" VALUES (1200,'QUESO RICOTTA SLIGHT SIN SAL*230',3320,0);
INSERT INTO "producto" VALUES (1201,'REFRESCO PULPY BOLSA*200 GRS*6 UND',3150,0.19);
INSERT INTO "producto" VALUES (1202,'SALCHICHA  X 250',3150,0.19);
INSERT INTO "producto" VALUES (1203,'SALCHICHA AHUMADA X 500',5900,0.19);
INSERT INTO "producto" VALUES (1204,'SALCHICHA DUO X 100 G',1300,0.19);
INSERT INTO "producto" VALUES (1205,'SALCHICHA MANGUERA X 1000',9700,0.19);
INSERT INTO "producto" VALUES (1206,'SALCHICHA SELECCIONADA XL  X 400 GRS',4150,0.19);
INSERT INTO "producto" VALUES (1207,'SALCHICHA TIPICA 250 GR',2850,0.19);
INSERT INTO "producto" VALUES (1208,'SALCHICHA TIPO VIENA X 150',2550,0.19);
INSERT INTO "producto" VALUES (1209,'SALCHICHA WEST DUO PACK',1450,0.19);
INSERT INTO "producto" VALUES (1210,'SALCHICHA WEST MONTEFRIO X 215 GRS',4300,0.19);
INSERT INTO "producto" VALUES (1211,'SALCHICHA WEST MONTEFRIO X 430',7750,0.19);
INSERT INTO "producto" VALUES (1212,'SALCHICHIN ECONOMICO X 250',1550,0.05);
INSERT INTO "producto" VALUES (1213,'CHORIZO COCTEL NAVIDEÑO ',12000,0.19);
INSERT INTO "producto" VALUES (1214,'PERNIL DE CERDO AHUMADO X 800',30400,0.19);
INSERT INTO "producto" VALUES (1215,'SALCHICHON CERVECERO X 1000',11750,0.05);
INSERT INTO "producto" VALUES (1216,'SALCHICHON CERVECERO*500 GRS',6000,0.05);
INSERT INTO "producto" VALUES (1217,'CAÑON TROPICAL TAJADO X 500',19500,0.19);
INSERT INTO "producto" VALUES (1218,'SALCHICHON ECONOMICO X 500',2800,0.05);
INSERT INTO "producto" VALUES (1219,'SALCHICHON FINO  X 125 GRS',1150,0.05);
INSERT INTO "producto" VALUES (1220,'SALCHICHON FINO X 250',2150,0.05);
INSERT INTO "producto" VALUES (1221,'PERNIL DE CERDO AHUMADO X 1500',51700,0.19);
INSERT INTO "producto" VALUES (1222,'POLLO RELLENO TAJADO X 500',18600,0.19);
INSERT INTO "producto" VALUES (1223,'SALCHICHON FINO X 500',4100,0.05);
INSERT INTO "producto" VALUES (1224,'SALCHICHON FINO*1000 GRS',7700,0.05);
INSERT INTO "producto" VALUES (1225,'SUERO COSTEÑO ATOYABUEY * 230 GR',3750,0.19);
INSERT INTO "producto" VALUES (1226,'SUPER BOOM  DESAYUNO',1950,0.19);
INSERT INTO "producto" VALUES (1227,'SUPERBOOM X 170',1900,0.19);
INSERT INTO "producto" VALUES (1228,'TAMPICO BLLA PET*330 GRS',980,0.19);
INSERT INTO "producto" VALUES (1229,'TAMPICO BOLSA*125 GRS*30 UNDS',8100,0.19);
INSERT INTO "producto" VALUES (1230,'TAMPICO BTLLA PET X 500',1480,0.19);
INSERT INTO "producto" VALUES (1231,'LOMO DE CERDO AHUMA. TAJ. X 500',19500,0.19);
INSERT INTO "producto" VALUES (1232,'TAMPICO CITRUS BOLSA *250*6 UNIDADES',2710,0.19);
INSERT INTO "producto" VALUES (1233,'TAMPICO CITRUS X240 BOTELLA',690,0.19);
INSERT INTO "producto" VALUES (1234,'TAMPICO GFA 1000',2170,0.19);
INSERT INTO "producto" VALUES (1235,'TAMPICO GFA 2000',3770,0.19);
INSERT INTO "producto" VALUES (1236,'TAMPICO GFA 4000',7190,0.19);
INSERT INTO "producto" VALUES (1237,'TAMPICO JUNIOR 150',570,0.19);
INSERT INTO "producto" VALUES (1238,'TOCINETA MONT X 150',5600,0.19);
INSERT INTO "producto" VALUES (1239,'TOCINETA X 1000',26850,0.19);
INSERT INTO "producto" VALUES (1240,'TOCINETA X 250',7700,0.19);
INSERT INTO "producto" VALUES (1241,'TOCINETA X 500 MONTEFRIO',14100,0.19);
INSERT INTO "producto" VALUES (1242,'YAGUR BOLSA X 1000',3300,0.19);
INSERT INTO "producto" VALUES (1243,'YAGUR BOLSA X 200',650,0.19);
INSERT INTO "producto" VALUES (1244,'PERNIL DE CERDO AHUM. TAJA. X 800',31300,0.19);
INSERT INTO "producto" VALUES (1245,'CARNICOS PARA BROCHETAS X 600',14600,0.19);
INSERT INTO "producto" VALUES (1246,'YAGUR VASO X 150',750,0.19);
INSERT INTO "producto" VALUES (1247,'YOGUR BENECOL GFA X 1000',10800,0.19);
INSERT INTO "producto" VALUES (1248,'YOGUR BENECOL X 100',1350,0.19);
INSERT INTO "producto" VALUES (1249,'YOGUR BENECOL X100 GR X 8 UNID',9850,0.19);
INSERT INTO "producto" VALUES (1250,'YOGUR BOLSA 200  x  6',5350,0.19);
INSERT INTO "producto" VALUES (1251,'YOGUR BOLSA X 1000',4700,0.19);
INSERT INTO "producto" VALUES (1252,'YOGUR BUFALA CUCHAREABLE*170',2740,0.19);
INSERT INTO "producto" VALUES (1253,'YOGUR FIBRADIGESTY X 1000',7700,0.19);
INSERT INTO "producto" VALUES (1254,'YOGUR FIBRADIGESTY X 200',1600,0.19);
INSERT INTO "producto" VALUES (1255,'YOGUR GARRAFA X 1750',11750,0.19);
INSERT INTO "producto" VALUES (1256,'YOGUR GARRAFA X 4000',21300,0.19);
INSERT INTO "producto" VALUES (1257,'YOGUR GFA X 1000',7550,0.19);
INSERT INTO "producto" VALUES (1258,'MIX DE CHORIZOS',15000,0.19);
INSERT INTO "producto" VALUES (1259,'YOGUR GRIEGO X 125',1550,0.19);
INSERT INTO "producto" VALUES (1260,'YOGUR GRIEGO*125GR DISPLEY*8 UND',11650,0.19);
INSERT INTO "producto" VALUES (1261,'PERNIL DE CERDO AHUM. TAJA. X 500',20500,0.19);
INSERT INTO "producto" VALUES (1262,'YOGUR KID SIXPAC X 200',3900,0.19);
INSERT INTO "producto" VALUES (1263,'YOGUR KID SORPRESA * 143 GRS',1350,0.19);
INSERT INTO "producto" VALUES (1264,'YOGUR PROLINCO* 150GR *8 UND',3800,0.19);
INSERT INTO "producto" VALUES (1265,'YOGUR SLIGHT BOLSA X 1000',5050,0.19);
INSERT INTO "producto" VALUES (1266,'MEZCLA NATILLA COLANTA X 370',4700,0.19);
INSERT INTO "producto" VALUES (1267,'MEZCLA BUÑUELOS COLANTA 350',4700,0.19);
INSERT INTO "producto" VALUES (1268,'YOGUR SLIGHT GFA X 1000',7850,0.19);
INSERT INTO "producto" VALUES (1269,'YOGUR SLIGHT VASO X 200',1700,0.19);
INSERT INTO "producto" VALUES (1270,'YOGUR VASO X 150',1200,0.19);
INSERT INTO "producto" VALUES (1271,'YOGUR VASO X 200',1600,0.19);
INSERT INTO "producto" VALUES (1272,'YOGUR VIDA X 100 G',1250,0.19);
INSERT INTO "producto" VALUES (1273,'YOGURD KID CEREAL AZUCAR X 132',1150,0.19);
INSERT INTO "producto" VALUES (1274,'YOGURTH SLIGHT BOLSA X 200',890,0.19);
INSERT INTO "producto" VALUES (1275,'YOGURTH SLIGHT CEREAL X 170',1950,0.19);
INSERT INTO "inventario" VALUES (1,14,'7-10-2020',501);
INSERT INTO "inventario" VALUES (2,12,'23-2-2020',555);
INSERT INTO "inventario" VALUES (3,22,'13-8-2020',512);
INSERT INTO "inventario" VALUES (4,4,'7-5-2020',553);
INSERT INTO "inventario" VALUES (5,23,'21-12-2020',605);
INSERT INTO "inventario" VALUES (6,2,'28-12-2020',522);
INSERT INTO "inventario" VALUES (7,0,'24-7-2020',582);
INSERT INTO "inventario" VALUES (8,3,'29-8-2020',462);
INSERT INTO "inventario" VALUES (9,13,'13-3-2020',474);
INSERT INTO "inventario" VALUES (10,7,'24-12-2020',600);
INSERT INTO "inventario" VALUES (11,12,'29-1-2020',519);
INSERT INTO "inventario" VALUES (12,12,'27-12-2020',595);
INSERT INTO "inventario" VALUES (13,20,'18-8-2020',571);
INSERT INTO "inventario" VALUES (14,20,'14-8-2020',590);
INSERT INTO "inventario" VALUES (15,16,'25-11-2020',605);
INSERT INTO "inventario" VALUES (16,9,'23-11-2020',471);
INSERT INTO "inventario" VALUES (17,25,'24-12-2020',531);
INSERT INTO "inventario" VALUES (18,19,'3-8-2020',549);
INSERT INTO "inventario" VALUES (19,8,'17-7-2020',457);
INSERT INTO "inventario" VALUES (20,13,'24-10-2020',556);
INSERT INTO "inventario" VALUES (21,15,'16-7-2020',553);
INSERT INTO "inventario" VALUES (22,15,'9-1-2020',584);
INSERT INTO "inventario" VALUES (23,3,'3-5-2020',503);
INSERT INTO "inventario" VALUES (24,3,'5-6-2020',480);
INSERT INTO "inventario" VALUES (25,2,'15-11-2020',510);
INSERT INTO "inventario" VALUES (26,11,'5-13-2020',541);
INSERT INTO "inventario" VALUES (27,15,'20-6-2020',532);
INSERT INTO "inventario" VALUES (28,17,'14-3-2020',479);
INSERT INTO "pedido" VALUES (1,'1-8-2020','2-8-2020',19,1,26000);
INSERT INTO "pedido" VALUES (2,'23-9-2020','24-9-2020',24,3,22000);
INSERT INTO "pedido" VALUES (3,'5-1-2020','6-1-2020',15,11,14000);
INSERT INTO "pedido" VALUES (4,'28-13-2020','29-13-2020',20,21,14000);
INSERT INTO "pedido" VALUES (5,'25-3-2020','26-3-2020',22,21,26000);
INSERT INTO "pedido" VALUES (6,'24-5-2020','25-5-2020',6,24,19000);
INSERT INTO "pedido" VALUES (7,'31-2-2020','32-2-2020',9,11,26000);
INSERT INTO "pedido" VALUES (8,'21-6-2020','22-6-2020',6,2,3000);
INSERT INTO "pedido" VALUES (9,'9-13-2020','10-13-2020',14,13,30000);
INSERT INTO "pedido" VALUES (10,'16-1-2020','17-1-2020',26,5,14000);
INSERT INTO "pedido" VALUES (11,'2-9-2020','3-9-2020',13,9,6000);
INSERT INTO "pedido" VALUES (12,'31-9-2020','32-9-2020',16,14,30000);
INSERT INTO "pedido" VALUES (13,'21-9-2020','22-9-2020',10,30,5000);
INSERT INTO "pedido" VALUES (14,'5-12-2020','6-12-2020',28,4,18000);
INSERT INTO "pedido" VALUES (15,'30-12-2020','31-12-2020',15,18,25000);
INSERT INTO "pedido" VALUES (16,'13-13-2020','14-13-2020',28,7,23000);
INSERT INTO "pedido" VALUES (17,'15-6-2020','16-6-2020',12,29,5000);
INSERT INTO "pedido" VALUES (18,'13-10-2020','14-10-2020',10,6,5000);
INSERT INTO "pedido" VALUES (19,'2-8-2020','3-8-2020',29,7,22000);
INSERT INTO "pedido" VALUES (20,'20-5-2020','21-5-2020',11,22,10000);
INSERT INTO "pedido" VALUES (21,'8-7-2020','9-7-2020',18,22,22000);
INSERT INTO "pedido" VALUES (22,'12-1-2020','13-1-2020',3,25,20000);
INSERT INTO "pedido" VALUES (23,'11-6-2020','12-6-2020',15,2,23000);
INSERT INTO "pedido" VALUES (24,'7-8-2020','8-8-2020',23,19,17000);
INSERT INTO "pedido" VALUES (25,'16-4-2020','17-4-2020',10,2,1000);
INSERT INTO "pedido" VALUES (26,'8-5-2020','9-5-2020',11,23,27000);
INSERT INTO "pedido" VALUES (27,'4-13-2020','5-13-2020',3,12,18000);
INSERT INTO "pedido" VALUES (28,'9-10-2020','10-10-2020',17,21,3000);
INSERT INTO "pedido" VALUES (29,'23-6-2020','24-6-2020',21,10,4000);
INSERT INTO "pedido" VALUES (30,'30-7-2020','31-7-2020',5,21,5000);
INSERT INTO "pedido" VALUES (31,'28-4-2020','29-4-2020',7,25,4000);
INSERT INTO "pedido" VALUES (32,'20-13-2020','21-13-2020',22,27,4000);
INSERT INTO "pedido" VALUES (33,'24-9-2020','25-9-2020',7,30,25000);
INSERT INTO "pedido" VALUES (34,'10-4-2020','11-4-2020',2,22,27000);
INSERT INTO "pedido" VALUES (35,'24-8-2020','25-8-2020',11,2,10000);
INSERT INTO "pedido" VALUES (36,'28-12-2020','29-12-2020',16,29,25000);
INSERT INTO "pedido" VALUES (37,'16-8-2020','17-8-2020',14,10,29000);
INSERT INTO "pedido" VALUES (38,'22-12-2020','23-12-2020',8,20,3000);
INSERT INTO "pedido" VALUES (39,'23-10-2020','24-10-2020',18,26,9000);
INSERT INTO "pedido" VALUES (40,'15-5-2020','16-5-2020',15,14,22000);
INSERT INTO "pedido" VALUES (41,'2-3-2020','3-3-2020',6,24,5000);
INSERT INTO "pedido" VALUES (42,'9-5-2020','10-5-2020',25,11,25000);
INSERT INTO "pedido" VALUES (43,'27-7-2020','28-7-2020',29,22,11000);
INSERT INTO "pedido" VALUES (44,'14-5-2020','15-5-2020',19,26,25000);
INSERT INTO "pedido" VALUES (45,'31-6-2020','32-6-2020',4,24,11000);
INSERT INTO "pedido" VALUES (46,'25-3-2020','26-3-2020',26,26,17000);
INSERT INTO "pedido" VALUES (47,'21-6-2020','22-6-2020',1,19,27000);
INSERT INTO "pedido" VALUES (48,'26-2-2020','27-2-2020',9,20,12000);
INSERT INTO "pedido" VALUES (49,'20-13-2020','21-13-2020',5,4,20000);
INSERT INTO "pedido" VALUES (50,'17-8-2020','18-8-2020',20,12,30000);
INSERT INTO "pedido" VALUES (51,'11-13-2020','12-13-2020',17,21,20000);
INSERT INTO "pedido" VALUES (52,'26-3-2020','27-3-2020',14,12,28000);
INSERT INTO "pedido" VALUES (53,'31-4-2020','32-4-2020',6,1,4000);
INSERT INTO "pedido" VALUES (54,'1-2-2020','2-2-2020',23,21,28000);
INSERT INTO "pedido" VALUES (55,'18-4-2020','19-4-2020',22,16,21000);
INSERT INTO "pedido" VALUES (56,'11-10-2020','12-10-2020',9,28,19000);
INSERT INTO "pedido" VALUES (57,'25-8-2020','26-8-2020',17,20,23000);
INSERT INTO "inventario_producto" VALUES (1,1257);
INSERT INTO "inventario_producto" VALUES (2,1162);
INSERT INTO "inventario_producto" VALUES (3,1189);
INSERT INTO "inventario_producto" VALUES (4,1140);
INSERT INTO "inventario_producto" VALUES (5,1038);
INSERT INTO "inventario_producto" VALUES (6,1161);
INSERT INTO "inventario_producto" VALUES (7,1103);
INSERT INTO "inventario_producto" VALUES (8,1042);
INSERT INTO "inventario_producto" VALUES (9,1058);
INSERT INTO "inventario_producto" VALUES (10,1219);
INSERT INTO "inventario_producto" VALUES (11,1247);
INSERT INTO "inventario_producto" VALUES (12,1139);
INSERT INTO "inventario_producto" VALUES (13,1114);
INSERT INTO "inventario_producto" VALUES (14,1152);
INSERT INTO "inventario_producto" VALUES (15,1171);
INSERT INTO "inventario_producto" VALUES (16,1217);
INSERT INTO "inventario_producto" VALUES (17,1051);
INSERT INTO "inventario_producto" VALUES (18,1093);
INSERT INTO "inventario_producto" VALUES (19,1183);
INSERT INTO "inventario_producto" VALUES (20,1019);
INSERT INTO "inventario_producto" VALUES (21,1113);
INSERT INTO "inventario_producto" VALUES (22,1041);
INSERT INTO "inventario_producto" VALUES (23,1128);
INSERT INTO "inventario_producto" VALUES (24,1053);
INSERT INTO "inventario_producto" VALUES (25,1170);
INSERT INTO "inventario_producto" VALUES (26,1271);
INSERT INTO "inventario_producto" VALUES (27,1147);
INSERT INTO "inventario_producto" VALUES (28,1101);

COMMIT;
